
[
    {
        "ID": 1,
        "Title": "One Piece",
        "Country": "Japan"
    },
    {
        "ID": 2,
        "Title": "Naruto",
        "Country": "Japan"
    },
    {
        "ID": 3,
        "Title": "Descendants of the Sun",
        "Country": "Korea"
    },
    {
        "ID": 4,
        "Title": "Vagabond",
        "Country": "Korea"
    },
    {
        "ID": 5,
        "Title": "test",
        "Country": "Indonesia"
    },
    {
        "ID": 6,
        "Title": "lose",
        "Country": "Japan"
    },
    {
        "ID": 7,
        "Title": "",
        "Country": "Choose..."
    },
    {
        "ID": 8,
        "Title": "",
        "Country": "Choose..."
    }
]
